id,nombre,x,y,poblacion,frontera,indigenas
1,BALANCAN,679150.47,1969276.15,58229,201698.27,9.87
2,CARDENAS,431497.00,2009066.29,240414,81616.62,9.11
3,CENTLA,544326.26,2030241.54,108231,113895.2,80.54
4,CENTRO,513954.53,1990816.00,680317,55808.28,17.14
5,COMALCALCO,464056.62,2022453.92,215551,0,15.31
6,CUNDUACAN,476715.00,1998741.28,138647,9392.81,18.6
7,EMILIANO ZAPATA,640502.59,1957655.96,32289,143721.96,13.07
8,HUIMANGUILLO,426420.33,1970985.24,192887,358959.28,10.36
9,JALAPA,523082.84,1964228.01,38281,0,3.18
10,JALPA DE MENDEZ,491191.39,2013600.03,90831,0,14.77
11,JONUTA,590616.26,1999050.17,30951,186208.43,38.17
12,MACUSPANA,556650.08,1973483.62,158380,89978.16,27.18
13,NACAJUCA,505325.94,2011030.14,152796,0,33.44
14,PARAISO,480355.23,2032352.67,96130,47712.9,35.11
15,TACOTALPA,528119.67,1938297.05,47449,106446.61,43.4
16,TEAPA,504466.58,1947240.24,58718,80116.69,8.09
17,TENOSIQUE,681035.96,1927642.40,62497,123071.32,12.8
