cluster,distrito_id,poblacion,municipios_completos,municipios_parciales
1,c1_d0,252451.0,OSTUACAN;IXTACOMITAN;HUITIUPAN;SUNUAPA;JUAREZ;SOLOSUCHIAPA;AMATAN;IXTAPANGAJOYA;SABANILLA;REFORMA;MEZCALAPA;PICHUCALCO,
2,c2_d0,256522.0,LA LIBERTAD;TUMBALA;PALENQUE;SALTO DE AGUA;CATAZAJA,
3,c3_d1,256330.2,UNION JUAREZ;TUXTLA CHICO;CACAHOATAN;METAPA;SUCHIATE;FRONTERA HIDALGO,TAPACHULA
4,c4_d0,259229.0,YAJALON;TILA;CHILON,
5,c5_d0,206732.0,VILLACOMALTITLAN;HUEHUETAN;ACAPETAHUA;TUZANTAN;MAZATAN;HUIXTLA,
6,c6_d1,265641.8,LAS MARGARITAS;ALTAMIRANO;BENEMERITO DE LAS AMERICAS;MARAVILLA TENEJAPA;MARQUES DE COMILLAS,OCOSINGO
7,c7_d0,226987.0,TZIMOL;FRONTERA COMALAPA;LA INDEPENDENCIA;LA TRINITARIA,
8,c8_d0,197573.0,PANTELHO;SAN JUAN CANCUC;MITONTIC;TENEJAPA;SITALA;OXCHUC,
9,c9_d0,212853.0,LARRAINZAR;CHENALHO;CHAMULA;SANTIAGO EL PINAR;ALDAMA;CHALCHIHUITAN,
10,c10_d0,204294.0,HUIXTAN;ACALA;TOTOLAPA;IXTAPA;CHIAPILLA;EMILIANO ZAPATA;ZINACANTAN;TEOPISCA;SAN LUCAS;NICOLAS RUIZ,
11,c11_d0,222150.0,LAS ROSAS;SAN CRISTOBAL DE LAS CASAS ORIENTE;AMATENANGO DEL VALLE;CHANAL;COMITAN DE DOMINGUEZ,
12,c12_d0,205499.0,LA CONCORDIA;CAPITAN LUIS ANGEL VIDAL;EL PARRAL;CHICOMUSELO;ANGEL ALBINO CORZO;VILLA CORZO,
13,c13_d0,197454.0,CHIAPA DE CORZO;SOCOLTENANGO;VENUSTIANO CARRANZA,
14,c14_d0,230877.0,EL PORVENIR;HONDURAS DE LA SIERRA;LA GRANDEZA;BEJUCAL DE OCAMPO;MAZAPA DE MADERO;MOTOZINTLA;BELLA VISTA;ESCUINTLA;AMATENANGO DE LA FRONTERA;SILTEPEC,
15,c15_d0,226602.0,TAPILULA;COAPILLA;PANTEPEC;RAYON;RINCON CHAMULA SAN PEDRO;FRANCISCO LEON;COPAINALA;OCOTEPEC;SAN FERNANDO;BERRIOZABAL;TECPATAN,
16,c16_d0,220802.0,BOCHIL;CHICOASEN;CHAPULTENANGO;OSUMACINTA;EL BOSQUE;PUEBLO NUEVO SOLISTAHUACAN;JITOTOL;SIMOJOVEL;SAN ANDRES DURAZNAL;SOYALO;IXHUATAN;TAPALAPA,
17,c17_d2,256343.5,OCOZOCOAUTLA DE ESPINOSA;CINTALAPA,TUXTLA GUTIERREZ
18,c18_d0,215954.0,PIJIJIAPAN;MONTECRISTO DE GUERRERO;TONALA;ACACOYAGUA;MAPASTEPEC,
19,c19_d0,218202.0,ARRIAGA;JIQUIPILAS;SUCHIAPA;VILLAFLORES,
