id,nombre,poblacion,vecinos
1,BALANCAN,58229.0,7;17
2,CARDENAS,240414.0,5;6;8
3,CENTLA,108231.0,4;10;11;12;13;14
4,CENTRO,680317.0,3;6;9;12;13;16
5,COMALCALCO,215551.0,2;6;10;14
6,CUNDUACAN,138647.0,2;4;5;10;13
7,EMILIANO ZAPATA,32289.0,1;11;17
8,HUIMANGUILLO,192887.0,2
9,JALAPA,38281.0,4;12;15;16
10,JALPA DE MENDEZ,90831.0,3;5;6;13;14
11,JONUTA,30951.0,3;7;12
12,MACUSPANA,158380.0,3;4;9;11;15
13,NACAJUCA,152796.0,3;4;6;10
14,PARAISO,96130.0,3;5;10
15,TACOTALPA,47449.0,9;12;16
16,TEAPA,58718.0,4;9;15
17,TENOSIQUE,62497.0,1;7
